{
  "units": "meters",
  "world_corners_m": [
    [
      0.0,
      0.0
    ],
    [
      0.0,
      0.57
    ],
    [
      0.74,
      0.57
    ],
    [
      0.74,
      0.0
    ]
  ],
  "image_corners_px": [
    [
      3216,
      28
    ],
    [
      3234,
      2394
    ],
    [
      6,
      2504
    ],
    [
      158,
      38
    ]
  ],
  "H": [
    [
      -0.00024170778149858334,
      1.8388588617812425e-06,
      0.7772807372513143
    ],
    [
      7.97327700710852e-07,
      0.00024382281087737188,
      -0.009391244590052382
    ],
    [
      -1.2433226162694227e-05,
      2.1851624761752455e-05,
      1.0
    ]
  ]
}